{
    "root_group": {
        "name": "",
        "path": "",
        "id": "d41d8cd98f00b204e9800998ecf8427e",
        "groups": {},
        "checks": {}
    },
    "metrics": {
        "http_req_connecting": {
            "p(90)": 226.2943,
            "p(95)": 236.81572499999996,
            "avg": 30.050185897435895,
            "min": 0,
            "med": 0,
            "max": 248.7736
        },
        "http_req_failed": {
            "passes": 0,
            "fails": 78,
            "value": 0
        },
        "http_req_duration": {
            "max": 749.1989,
            "p(90)": 421.9220899999999,
            "p(95)": 501.74601999999953,
            "avg": 293.5955435897435,
            "min": 215.4836,
            "med": 251.99755
        },
        "iterations": {
            "count": 78,
            "rate": 7.0435234666271995
        },
        "http_req_blocked": {
            "max": 506.4585,
            "p(90)": 460.23849,
            "p(95)": 480.51678499999997,
            "avg": 61.25552948717949,
            "min": 0,
            "med": 0
        },
        "http_req_tls_handshaking": {
            "min": 0,
            "med": 0,
            "max": 250.3422,
            "p(90)": 228.46658,
            "p(95)": 236.35836,
            "avg": 30.263971794871797
        },
        "http_req_waiting": {
            "max": 682.8106,
            "p(90)": 336.09617,
            "p(95)": 390.0035099999997,
            "avg": 275.0618115384615,
            "min": 215.4836,
            "med": 251.4769
        },
        "http_req_receiving": {
            "avg": 18.53373205128205,
            "min": 0,
            "med": 0,
            "max": 247.0216,
            "p(90)": 1.0613999999999992,
            "p(95)": 234.4720799999999
        },
        "vus_max": {
            "value": 10,
            "min": 10,
            "max": 10
        },
        "iteration_duration": {
            "p(90)": 1696.40163,
            "p(95)": 1749.847785,
            "avg": 1355.2713051282049,
            "min": 1215.5608,
            "med": 1267.6585,
            "max": 1773.674
        },
        "data_received": {
            "rate": 84966.92659375296,
            "count": 940924
        },
        "data_sent": {
            "count": 11084,
            "rate": 1000.9027449243061
        },
        "http_req_sending": {
            "avg": 0,
            "min": 0,
            "med": 0,
            "max": 0,
            "p(90)": 0,
            "p(95)": 0
        },
        "http_reqs": {
            "count": 78,
            "rate": 7.0435234666271995
        },
        "http_req_duration{expected_response:true}": {
            "med": 251.99755,
            "max": 749.1989,
            "p(90)": 421.9220899999999,
            "p(95)": 501.74601999999953,
            "avg": 293.5955435897435,
            "min": 215.4836
        },
        "vus": {
            "value": 1,
            "min": 1,
            "max": 10
        }
    }
}